,Column 1,Column 2,Column 3,Column 4,Column 5,Column 6,Column 7,Column 8,Column 9,Column 10,Column 11,Column 12,Column 13,Column 14,Column 15,Column 16,Column 17,Column 18,Column 19,Column 20,Column 21,Column 22,Column 23,Column 24,Column 25,Column 26,Column 27,Column 28,Column 29,Column 30,Column 31
Column 1,1,,,,,,,,,,,,,,,,,,,,,,,,,,,,,,
Column 2,0.117396306,1,,,,,,,,,,,,,,,,,,,,,,,,,,,,,
Column 3,-0.010593327,1.37903E-17,1,,,,,,,,,,,,,,,,,,,,,,,,,,,,
Column 4,-0.419618172,-1.52116E-15,1.78599E-16,1,,,,,,,,,,,,,,,,,,,,,,,,,,,
Column 5,-0.105260205,2.52403E-17,-1.04817E-16,-3.72267E-16,1,,,,,,,,,,,,,,,,,,,,,,,,,,
Column 6,0.173072123,7.44318E-17,-1.77322E-16,-1.37739E-15,-1.94793E-15,1,,,,,,,,,,,,,,,,,,,,,,,,,
Column 7,-0.06301647,2.12591E-16,4.90589E-16,1.42685E-15,-2.95365E-16,8.09562E-16,1,,,,,,,,,,,,,,,,,,,,,,,,
Column 8,0.084714375,1.93513E-15,3.97723E-16,2.2105E-15,1.18742E-16,-4.29415E-16,1.46061E-16,1,,,,,,,,,,,,,,,,,,,,,,,
Column 9,-0.036949435,-1.13143E-16,-4.62144E-17,3.44414E-16,5.19907E-16,7.89307E-16,-1.7962E-16,-9.02951E-17,1,,,,,,,,,,,,,,,,,,,,,,
Column 10,-0.008660434,2.35305E-16,-6.67623E-17,-5.06633E-16,3.77216E-16,3.88129E-16,9.59248E-17,7.77442E-16,3.0556E-16,1,,,,,,,,,,,,,,,,,,,,,
Column 11,0.030616629,5.55164E-17,-4.95278E-16,6.02452E-16,5.86538E-16,-6.89911E-16,2.81388E-16,-7.00335E-19,1.0788E-16,-2.83724E-16,1,,,,,,,,,,,,,,,,,,,,
Column 12,-0.247689437,2.55327E-16,9.23572E-16,-5.10306E-17,-2.29145E-16,7.59149E-16,4.72397E-16,-1.02623E-15,1.97869E-16,4.54461E-16,2.47271E-16,1,,,,,,,,,,,,,,,,,,,
Column 13,0.124348068,2.40182E-16,-6.16488E-16,2.54368E-16,-4.97561E-16,3.66665E-16,2.10849E-16,1.56197E-15,-2.85641E-17,-2.41038E-15,1.41113E-15,3.2289E-15,1,,,,,,,,,,,,,,,,,,
Column 14,-0.065902024,-2.12129E-16,3.85369E-16,-7.65768E-16,-1.47042E-16,-9.93758E-16,-2.27291E-16,-8.48942E-17,-2.4629E-16,-2.28122E-16,-8.86003E-16,1.99318E-15,-2.3099E-14,1,,,,,,,,,,,,,,,,,
Column 15,-0.098756819,9.58312E-16,-2.6646E-16,3.77391E-16,-8.9108E-17,-3.78036E-16,3.43839E-16,-1.81487E-16,-1.10778E-16,1.86864E-16,2.85604E-16,3.05577E-17,2.16578E-16,2.94165E-15,1,,,,,,,,,,,,,,,,
Column 16,-0.183453273,-3.2651E-16,2.39844E-16,1.0966E-16,-1.59311E-16,-5.11835E-16,1.63686E-17,4.40843E-18,1.93457E-16,-1.69519E-15,7.11556E-16,4.68182E-16,8.33525E-16,-4.91631E-16,5.14995E-17,1,,,,,,,,,,,,,,,
Column 17,0.011902868,6.41119E-16,4.10563E-17,1.20038E-15,-6.41863E-16,-3.06659E-16,-2.57025E-16,3.13942E-16,5.03199E-16,-3.26819E-16,-1.66415E-15,-6.34462E-16,3.34158E-16,3.33108E-16,1.86711E-16,1.37274E-15,1,,,,,,,,,,,,,,
Column 18,-0.073297213,-5.18968E-16,-9.72825E-16,-1.30593E-17,-4.55742E-16,1.06239E-16,3.51206E-16,1.08932E-15,-3.49789E-16,6.40924E-16,3.79775E-15,8.45185E-16,-9.52281E-16,-3.26798E-16,4.49187E-15,3.16018E-16,1.84671E-15,1,,,,,,,,,,,,,
Column 19,0.090438133,2.75196E-16,2.54545E-16,5.64306E-16,1.49795E-16,1.13464E-15,2.79941E-16,-1.48449E-16,-4.13631E-16,1.32965E-16,4.37397E-16,6.06746E-16,-5.63089E-16,3.0235E-16,-5.08015E-17,7.52529E-16,-3.02433E-15,-5.59197E-15,1,,,,,,,,,,,,
Column 20,0.028975303,1.67308E-16,1.05684E-16,2.48307E-16,-2.75971E-16,-3.43875E-16,2.20284E-16,-2.63728E-16,-5.57814E-16,9.84166E-17,2.18633E-17,2.85378E-16,1.07805E-16,-2.55199E-16,-1.21966E-16,-8.97316E-16,1.01707E-15,-4.0636E-16,-2.43017E-15,1,,,,,,,,,,,
Column 21,-0.050866018,1.37797E-16,-9.52597E-16,-9.59209E-16,-3.20538E-16,2.53641E-16,1.94545E-16,1.50922E-16,-1.07E-16,-4.34995E-16,-1.13838E-15,-2.28397E-16,1.20674E-16,7.30531E-18,-1.78432E-16,3.15793E-16,3.61746E-16,-1.0022E-15,-4.86767E-16,2.94309E-16,1,,,,,,,,,,
Column 22,0.044735726,-1.58954E-16,7.37407E-17,-3.38781E-17,-1.02721E-16,-1.29046E-16,-1.54916E-16,1.89173E-16,-1.98874E-16,5.01004E-17,8.12687E-16,-3.81431E-16,3.31433E-16,9.30235E-17,1.57919E-17,2.43715E-17,-4.03599E-16,-7.74396E-16,-1.16675E-15,4.14446E-16,-1.08687E-15,1,,,,,,,,,
Column 23,0.144059055,6.70109E-17,2.5475E-16,4.82042E-16,2.17239E-16,5.04818E-16,-3.51336E-16,-1.02913E-15,5.46902E-16,4.96406E-17,-6.43418E-16,-3.28059E-17,-6.35035E-16,-3.44532E-17,3.3115E-16,-8.83171E-16,4.72984E-17,-8.40172E-16,-1.26805E-16,-9.80227E-16,1.08882E-15,3.87243E-15,1,,,,,,,,
Column 24,0.051142365,1.00769E-15,8.54518E-17,1.50389E-17,6.11259E-17,1.55659E-16,-8.45494E-17,2.14556E-16,3.73675E-16,5.89074E-16,3.88936E-16,2.4818E-16,1.3645E-16,-5.86293E-16,8.71581E-17,1.12639E-16,8.55425E-16,5.39329E-16,-3.63771E-16,5.77289E-16,5.0931E-16,6.07733E-16,2.99697E-16,1,,,,,,,
Column 25,-0.016181868,8.35533E-17,-3.48311E-17,-1.05341E-16,2.17169E-16,-9.40602E-16,-1.24452E-15,-2.79034E-17,-1.80862E-16,-2.40469E-16,-3.11911E-17,1.24464E-15,5.04382E-16,-5.54005E-16,2.33209E-16,-4.58613E-16,-4.14005E-16,-5.30602E-17,-1.07062E-16,2.84456E-17,1.64497E-16,1.25785E-16,1.22549E-17,-4.6371E-17,1,,,,,,
Column 26,-0.233082791,-1.01794E-15,-1.03193E-16,4.79698E-16,5.46157E-16,5.18707E-16,1.08653E-15,1.19131E-15,-1.40933E-16,1.06091E-15,-2.68663E-16,-4.46864E-16,4.60816E-16,8.7791E-17,-2.94741E-16,3.87543E-16,-6.77724E-16,5.03913E-16,-2.40282E-16,7.36018E-16,-1.57087E-16,-2.79446E-16,-5.37777E-16,-9.8273E-16,1.5629E-15,1,,,,,
Column 27,-0.041407101,-1.00559E-16,2.41417E-16,6.6237E-16,-6.15113E-16,8.99273E-16,-2.43496E-16,-7.28359E-16,-1.2215E-16,-1.46072E-15,-2.60128E-16,-1.06243E-16,-5.84779E-16,-2.07477E-16,-9.61239E-19,3.80224E-16,-4.90852E-16,4.62644E-16,3.2343E-16,5.64366E-16,-3.11413E-16,-5.20262E-16,-8.05236E-16,8.81038E-16,3.15414E-16,2.79956E-15,1,,,,
Column 28,-0.005134591,4.11627E-17,-4.39463E-16,5.9664E-16,-6.7431E-17,4.43422E-16,-2.62564E-16,-5.91474E-16,1.75446E-16,-2.31203E-16,-2.99908E-16,-2.65638E-16,-2.3115E-16,-4.5519E-16,1.28496E-16,-1.26591E-15,7.93312E-16,8.74861E-16,2.44038E-16,-1.09186E-16,-1.40007E-15,-1.0669E-15,-1.14384E-16,5.42316E-16,-3.67147E-16,-5.85704E-16,-3.42545E-16,1,,,
Column 29,-0.009412688,9.65496E-16,-3.7794E-16,7.752E-16,-5.76773E-17,-3.26528E-16,4.90581E-16,-8.59788E-17,-4.46763E-16,9.12844E-16,-1.40144E-16,-3.03196E-16,7.33217E-16,1.045E-15,2.51188E-15,-1.05144E-15,8.69626E-16,-2.25046E-16,8.78166E-16,-1.37635E-15,-1.14112E-16,5.54441E-16,-3.35604E-16,9.00211E-16,-2.20008E-16,3.54378E-16,-3.76556E-16,-4.39195E-16,1,,
Column 30,-0.010596373,-0.227708653,-0.531408939,-0.210880475,0.098731666,-0.386356256,0.21598118,0.397311278,-0.103079096,-0.044245602,-0.101502141,0.000103977,-0.009541802,0.005293409,0.033751172,-0.002985848,-0.003909527,0.007309042,0.035650341,-0.056150787,0.339403405,0.105998928,-0.064800646,-0.112632554,0.005146217,-0.047836863,-0.003208037,0.028825463,0.010258216,1,
Column 31,-0.012322571,-0.101347299,0.09128865,-0.192960827,0.133447486,-0.094974299,-0.043643161,-0.187256592,0.019875124,-0.097732686,-0.216882944,0.154875645,-0.260592925,-0.004569779,-0.302543696,-0.004223402,-0.19653894,-0.326481067,-0.111485254,0.034783013,0.020090324,0.040413381,0.000805318,-0.002685156,-0.007220907,0.003307706,0.004455398,0.017579728,0.009536041,0.005631753,1
